GROUP,PACKAGE,CLASS,INSTRUCTION_MISSED,INSTRUCTION_COVERED,BRANCH_MISSED,BRANCH_COVERED,LINE_MISSED,LINE_COVERED,COMPLEXITY_MISSED,COMPLEXITY_COVERED,METHOD_MISSED,METHOD_COVERED
Dependency-Check Maven Plugin/dependency-check-core,org.owasp.dependencycheck.data.central,TooManyRequestsException,16,0,0,0,8,0,4,0,4,0
Dependency-Check Maven Plugin/dependency-check-core,org.owasp.dependencycheck.data.central,CentralSearch,84,274,8,18,15,61,7,10,0,4
Dependency-Check Maven Plugin/dependency-check-core,org.owasp.dependencycheck.dependency,VulnerableSoftware,183,488,30,66,34,103,27,36,2,13
Dependency-Check Maven Plugin/dependency-check-core,org.owasp.dependencycheck.dependency,Vulnerability.Source,0,44,0,0,0,5,0,1,0,1
Dependency-Check Maven Plugin/dependency-check-core,org.owasp.dependencycheck.dependency,CweSet,4,30,0,0,1,6,1,5,1,5
Dependency-Check Maven Plugin/dependency-check-core,org.owasp.dependencycheck.dependency,Vulnerability,94,211,12,8,23,64,13,30,4,29
Dependency-Check Maven Plugin/dependency-check-core,org.owasp.dependencycheck.dependency,EvidenceCollection.new Filter() {...},0,11,0,2,0,2,0,3,0,2
Dependency-Check Maven Plugin/dependency-check-core,org.owasp.dependencycheck.dependency,EvidenceCollection.new Filter() {...},0,11,0,2,0,2,0,3,0,2
Dependency-Check Maven Plugin/dependency-check-core,org.owasp.dependencycheck.dependency,EvidenceCollection.new Filter() {...},0,11,0,2,0,2,0,3,0,2
Dependency-Check Maven Plugin/dependency-check-core,org.owasp.dependencycheck.dependency,EvidenceCollection.new Filter() {...},0,11,0,2,0,2,0,3,0,2
Dependency-Check Maven Plugin/dependency-check-core,org.owasp.dependencycheck.dependency,Confidence,0,44,0,0,0,5,0,1,0,1
Dependency-Check Maven Plugin/dependency-check-core,org.owasp.dependencycheck.dependency,VulnerableSoftwareBuilder,45,253,0,0,9,57,9,32,9,32
Dependency-Check Maven Plugin/dependency-check-core,org.owasp.dependencycheck.dependency,Evidence,102,112,24,6,30,24,22,8,7,8
Dependency-Check Maven Plugin/dependency-check-core,org.owasp.dependencycheck.dependency,EvidenceCollection,175,289,35,21,44,69,29,23,3,14
Dependency-Check Maven Plugin/dependency-check-core,org.owasp.dependencycheck.dependency,EvidenceType,0,34,0,0,0,4,0,1,0,1
Dependency-Check Maven Plugin/dependency-check-core,org.owasp.dependencycheck.dependency,CvssV3,16,156,8,8,0,31,8,12,0,12
Dependency-Check Maven Plugin/dependency-check-core,org.owasp.dependencycheck.dependency,CvssV2,12,122,6,6,0,25,6,10,0,10
Dependency-Check Maven Plugin/dependency-check-core,org.owasp.dependencycheck.dependency,Dependency,186,802,31,55,38,218,41,71,11,58
Dependency-Check Maven Plugin/dependency-check-core,org.owasp.dependencycheck.dependency,Reference,84,84,25,3,11,20,16,9,2,9
Dependency-Check Maven Plugin/dependency-check-core,org.owasp.dependencycheck.data.composer,ComposerException,12,0,0,0,6,0,3,0,3,0
Dependency-Check Maven Plugin/dependency-check-core,org.owasp.dependencycheck.data.composer,ComposerDependency,118,0,28,0,22,0,20,0,6,0
Dependency-Check Maven Plugin/dependency-check-core,org.owasp.dependencycheck.data.composer,ComposerLockParser,170,0,14,0,38,0,11,0,4,0
Dependency-Check Maven Plugin/dependency-check-core,org.owasp.dependencycheck.xml.pom,PomParseException,16,0,0,0,8,0,4,0,4,0
Dependency-Check Maven Plugin/dependency-check-core,org.owasp.dependencycheck.xml.pom,Model,12,187,1,5,2,55,1,29,0,27
Dependency-Check Maven Plugin/dependency-check-core,org.owasp.dependencycheck.xml.pom,PomHandler,0,214,6,33,0,52,6,24,0,5
Dependency-Check Maven Plugin/dependency-check-core,org.owasp.dependencycheck.xml.pom,License,100,17,20,0,17,8,14,5,4,5
Dependency-Check Maven Plugin/dependency-check-core,org.owasp.dependencycheck.xml.pom,PomUtils,160,26,7,1,41,8,5,3,1,3
Dependency-Check Maven Plugin/dependency-check-core,org.owasp.dependencycheck.xml.pom,PomProjectInputStream,2,154,2,14,2,31,2,11,0,5
Dependency-Check Maven Plugin/dependency-check-core,org.owasp.dependencycheck.xml.pom,Model.PropertyLookup,11,0,0,0,4,0,2,0,2,0
Dependency-Check Maven Plugin/dependency-check-core,org.owasp.dependencycheck.xml.pom,PomParser,41,71,1,1,9,16,1,4,0,4
Dependency-Check Maven Plugin/dependency-check-core,org.owasp.dependencycheck.data.nodeaudit,NpmAuditParser,198,0,14,0,42,0,11,0,4,0
Dependency-Check Maven Plugin/dependency-check-core,org.owasp.dependencycheck.data.nodeaudit,Advisory,122,0,0,0,52,0,35,0,35,0
Dependency-Check Maven Plugin/dependency-check-core,org.owasp.dependencycheck.data.nodeaudit,NodeAuditSearch,260,0,14,0,59,0,13,0,5,0
Dependency-Check Maven Plugin/dependency-check-core,org.owasp.dependencycheck.data.nodeaudit,SanitizePackage,110,0,8,0,25,0,5,0,1,0
Dependency-Check Maven Plugin/dependency-check-core,org.owasp.dependencycheck.exception,NoDataException,16,0,0,0,8,0,4,0,4,0
Dependency-Check Maven Plugin/dependency-check-core,org.owasp.dependencycheck.exception,DependencyNotFoundException,16,0,0,0,8,0,4,0,4,0
Dependency-Check Maven Plugin/dependency-check-core,org.owasp.dependencycheck.exception,ExceptionCollection,153,34,4,0,49,8,14,4,12,4
Dependency-Check Maven Plugin/dependency-check-core,org.owasp.dependencycheck.exception,H2DBLockException,16,0,0,0,8,0,4,0,4,0
Dependency-Check Maven Plugin/dependency-check-core,org.owasp.dependencycheck.exception,InitializationException,35,11,0,0,11,4,5,2,5,2
Dependency-Check Maven Plugin/dependency-check-core,org.owasp.dependencycheck.exception,ParseException,16,0,0,0,8,0,4,0,4,0
Dependency-Check Maven Plugin/dependency-check-core,org.owasp.dependencycheck.exception,ScanAgentException,16,0,0,0,8,0,4,0,4,0
Dependency-Check Maven Plugin/dependency-check-core,org.owasp.dependencycheck.exception,ReportException,16,0,0,0,8,0,4,0,4,0
Dependency-Check Maven Plugin/dependency-check-core,org.owasp.dependencycheck.reporting,ReportGenerator.Format,0,64,0,0,0,7,0,1,0,1
Dependency-Check Maven Plugin/dependency-check-core,org.owasp.dependencycheck.reporting,ReportGenerator,155,539,22,51,37,130,20,34,0,13
Dependency-Check Maven Plugin/dependency-check-core,org.owasp.dependencycheck.reporting,EscapeTool,61,122,14,32,19,34,10,23,1,9
Dependency-Check Maven Plugin/dependency-check-core,org.owasp.dependencycheck.reporting,ReportTool,14,48,3,3,6,11,2,4,0,3
Dependency-Check Maven Plugin/dependency-check-core,org.owasp.dependencycheck.data.cwe,CweHandler,41,0,4,0,8,0,5,0,3,0
Dependency-Check Maven Plugin/dependency-check-core,org.owasp.dependencycheck.data.cwe,App,176,0,8,0,35,0,7,0,3,0
Dependency-Check Maven Plugin/dependency-check-core,org.owasp.dependencycheck.data.cwe,CweDB,39,33,3,1,13,8,3,3,1,3
Dependency-Check Maven Plugin/dependency-check-core,org.owasp.dependencycheck.data.ossindex,OssindexClientFactory.new HttpUrlConnectionTransport() {...},30,0,0,0,5,0,2,0,2,0
Dependency-Check Maven Plugin/dependency-check-core,org.owasp.dependencycheck.data.ossindex,OssindexClientFactory,47,0,2,0,12,0,4,0,3,0
Dependency-Check Maven Plugin/dependency-check-core,org.owasp.dependencycheck.data.update,NvdCveUpdater.TimestampRetriever,35,0,0,0,8,0,2,0,2,0
Dependency-Check Maven Plugin/dependency-check-core,org.owasp.dependencycheck.data.update,UpdateService,0,12,0,0,0,4,0,2,0,2
Dependency-Check Maven Plugin/dependency-check-core,org.owasp.dependencycheck.data.update,EngineVersionCheck,66,213,14,16,25,52,17,6,3,5
Dependency-Check Maven Plugin/dependency-check-core,org.owasp.dependencycheck.data.update,RetireJSDataSource,50,208,8,14,14,45,9,8,1,5
Dependency-Check Maven Plugin/dependency-check-core,org.owasp.dependencycheck.data.update,NvdCveUpdater,417,509,39,49,91,125,30,28,2,12
Dependency-Check Maven Plugin/dependency-check-core,org.owasp.dependencycheck.data.lucene,UrlTokenizingFilter,15,72,1,9,4,17,1,7,0,3
Dependency-Check Maven Plugin/dependency-check-core,org.owasp.dependencycheck.data.lucene,LuceneUtils,21,40,4,8,7,10,4,5,1,2
Dependency-Check Maven Plugin/dependency-check-core,org.owasp.dependencycheck.data.lucene,TokenPairConcatenatingFilter,65,97,7,9,20,27,6,7,2,3
Dependency-Check Maven Plugin/dependency-check-core,org.owasp.dependencycheck.data.lucene,AlphaNumericTokenizer,17,0,4,0,5,0,5,0,3,0
Dependency-Check Maven Plugin/dependency-check-core,org.owasp.dependencycheck.data.lucene,AlphaNumericFilter,48,112,5,13,14,27,5,10,2,4
Dependency-Check Maven Plugin/dependency-check-core,org.owasp.dependencycheck.data.lucene,DependencySimilarity,5,0,0,0,2,0,2,0,2,0
Dependency-Check Maven Plugin/dependency-check-core,org.owasp.dependencycheck.data.lucene,AbstractTokenizingFilter,0,51,0,4,0,15,0,7,0,5
Dependency-Check Maven Plugin/dependency-check-core,org.owasp.dependencycheck.data.lucene,SearchFieldAnalyzer,0,116,0,0,0,18,0,5,0,5
Dependency-Check Maven Plugin/dependency-check-core,org.owasp.dependencycheck.data.nvdcve,CveDB,633,2426,55,203,163,565,51,129,4,47
Dependency-Check Maven Plugin/dependency-check-core,org.owasp.dependencycheck.data.nvdcve,DatabaseException,13,0,0,0,6,0,3,0,3,0
Dependency-Check Maven Plugin/dependency-check-core,org.owasp.dependencycheck.data.nvdcve,DriverShim,108,22,14,0,24,5,16,3,9,3
Dependency-Check Maven Plugin/dependency-check-core,org.owasp.dependencycheck.data.nvdcve,CveDB.PreparedStatementCveDb,0,264,0,0,0,27,0,1,0,1
Dependency-Check Maven Plugin/dependency-check-core,org.owasp.dependencycheck.data.nvdcve,DriverLoader,166,38,10,0,32,11,6,4,1,4
Dependency-Check Maven Plugin/dependency-check-core,org.owasp.dependencycheck.data.nvdcve,DatabaseProperties,16,124,3,9,4,28,3,12,0,9
Dependency-Check Maven Plugin/dependency-check-core,org.owasp.dependencycheck.data.nvdcve,ConnectionFactory,366,287,29,15,84,88,22,13,2,11
Dependency-Check Maven Plugin/dependency-check-core,org.owasp.dependencycheck.data.nvdcve,DriverLoader.new PrivilegedAction() {...},21,0,0,0,2,0,2,0,2,0
Dependency-Check Maven Plugin/dependency-check-core,org.owasp.dependencycheck.data.nvdcve,CorruptDatabaseException,9,0,0,0,4,0,2,0,2,0
Dependency-Check Maven Plugin/dependency-check-core,org.owasp.dependencycheck.data.nvdcve,DriverLoadException,13,0,0,0,6,0,3,0,3,0
Dependency-Check Maven Plugin/dependency-check-core,org.owasp.dependencycheck.data.update.exception,InvalidDataException,9,0,0,0,4,0,2,0,2,0
Dependency-Check Maven Plugin/dependency-check-core,org.owasp.dependencycheck.data.update.exception,UpdateException,16,0,0,0,8,0,4,0,4,0
Dependency-Check Maven Plugin/dependency-check-core,org.owasp.dependencycheck.data.nvd.json,CvssV20.RemediationLevelType,20,93,2,2,6,13,4,3,3,2
Dependency-Check Maven Plugin/dependency-check-core,org.owasp.dependencycheck.data.nvd.json,CpeMatchStreamCollector,6,23,0,0,2,6,1,8,1,8
Dependency-Check Maven Plugin/dependency-check-core,org.owasp.dependencycheck.data.nvd.json,CvssV20.AuthenticationType,17,74,2,2,5,12,3,4,2,3
Dependency-Check Maven Plugin/dependency-check-core,org.owasp.dependencycheck.data.nvd.json,NvdCveFeedJson10,405,0,66,0,64,0,49,0,16,0
Dependency-Check Maven Plugin/dependency-check-core,org.owasp.dependencycheck.data.nvd.json,CvssV30.ExploitCodeMaturityType,20,93,2,2,6,13,4,3,3,2
Dependency-Check Maven Plugin/dependency-check-core,org.owasp.dependencycheck.data.nvd.json,DefConfigurations,170,11,26,0,29,3,19,2,6,2
Dependency-Check Maven Plugin/dependency-check-core,org.owasp.dependencycheck.data.nvd.json,MetaProperties,88,60,1,1,19,18,5,2,4,2
Dependency-Check Maven Plugin/dependency-check-core,org.owasp.dependencycheck.data.nvd.json,CvssV30.ConfidenceType,20,82,2,2,6,12,4,3,3,2
Dependency-Check Maven Plugin/dependency-check-core,org.owasp.dependencycheck.data.nvd.json,CvssV30.CiaRequirementType,20,82,2,2,6,12,4,3,3,2
Dependency-Check Maven Plugin/dependency-check-core,org.owasp.dependencycheck.data.nvd.json,Product__1,173,3,26,0,30,1,20,1,7,1
Dependency-Check Maven Plugin/dependency-check-core,org.owasp.dependencycheck.data.nvd.json,DefCveItem,332,12,56,0,51,4,38,4,10,4
Dependency-Check Maven Plugin/dependency-check-core,org.owasp.dependencycheck.data.nvd.json,ProblemtypeDatum,114,11,16,0,21,3,12,2,4,2
Dependency-Check Maven Plugin/dependency-check-core,org.owasp.dependencycheck.data.nvd.json,BaseMetricV2,559,9,96,0,84,3,67,3,19,3
Dependency-Check Maven Plugin/dependency-check-core,org.owasp.dependencycheck.data.nvd.json,BaseMetricV3,226,6,36,0,37,2,26,2,8,2
Dependency-Check Maven Plugin/dependency-check-core,org.owasp.dependencycheck.data.nvd.json,CVEJSON40Min.DataVersion,20,49,2,2,6,9,4,3,3,2
Dependency-Check Maven Plugin/dependency-check-core,org.owasp.dependencycheck.data.nvd.json,CvssV30.ModifiedUserInteractionType,20,71,2,2,6,11,4,3,3,2
Dependency-Check Maven Plugin/dependency-check-core,org.owasp.dependencycheck.data.nvd.json,CvssV30.PrivilegesRequiredType,17,74,2,2,5,12,3,4,2,3
Dependency-Check Maven Plugin/dependency-check-core,org.owasp.dependencycheck.data.nvd.json,CvssV30.ModifiedCiaType,20,82,2,2,6,12,4,3,3,2
Dependency-Check Maven Plugin/dependency-check-core,org.owasp.dependencycheck.data.nvd.json,NodeFlatteningCollector,6,57,0,0,2,14,1,11,1,11
Dependency-Check Maven Plugin/dependency-check-core,org.owasp.dependencycheck.data.nvd.json,Version,117,8,16,0,22,2,13,1,5,1
Dependency-Check Maven Plugin/dependency-check-core,org.owasp.dependencycheck.data.nvd.json,CvssV30.ModifiedAttackComplexityType,20,71,2,2,6,11,4,3,3,2
Dependency-Check Maven Plugin/dependency-check-core,org.owasp.dependencycheck.data.nvd.json,CVEDataMeta,226,6,36,0,37,2,26,2,8,2
Dependency-Check Maven Plugin/dependency-check-core,org.owasp.dependencycheck.data.nvd.json,VersionDatum,173,3,26,0,30,1,20,1,7,1
Dependency-Check Maven Plugin/dependency-check-core,org.owasp.dependencycheck.data.nvd.json,DefNode,279,19,46,0,44,5,32,3,9,3
Dependency-Check Maven Plugin/dependency-check-core,org.owasp.dependencycheck.data.nvd.json,Vendor,117,8,16,0,22,2,13,1,5,1
Dependency-Check Maven Plugin/dependency-check-core,org.owasp.dependencycheck.data.nvd.json,CvssV20.ExploitabilityType,20,93,2,2,6,13,4,3,3,2
Dependency-Check Maven Plugin/dependency-check-core,org.owasp.dependencycheck.data.nvd.json,DefCpeMatch,491,26,86,0,72,8,56,7,13,7
Dependency-Check Maven Plugin/dependency-check-core,org.owasp.dependencycheck.data.nvd.json,Description,114,11,16,0,21,3,12,2,4,2
Dependency-Check Maven Plugin/dependency-check-core,org.owasp.dependencycheck.data.nvd.json,CvssV30.ModifiedScopeType,20,71,2,2,6,11,4,3,3,2
Dependency-Check Maven Plugin/dependency-check-core,org.owasp.dependencycheck.data.nvd.json,CvssV30.SeverityType,17,96,2,2,5,14,3,4,2,3
Dependency-Check Maven Plugin/dependency-check-core,org.owasp.dependencycheck.data.nvd.json,CvssV30.RemediationLevelType,20,93,2,2,6,13,4,3,3,2
Dependency-Check Maven Plugin/dependency-check-core,org.owasp.dependencycheck.data.nvd.json,LangString,167,9,26,0,28,3,18,3,5,3
Dependency-Check Maven Plugin/dependency-check-core,org.owasp.dependencycheck.data.nvd.json,Affects,117,3,16,0,22,1,13,1,5,1
Dependency-Check Maven Plugin/dependency-check-core,org.owasp.dependencycheck.data.nvd.json,CVEJSON40Min,497,15,86,0,74,5,58,5,15,5
Dependency-Check Maven Plugin/dependency-check-core,org.owasp.dependencycheck.data.nvd.json,CvssV30.AttackComplexityType,17,63,2,2,5,11,3,4,2,3
Dependency-Check Maven Plugin/dependency-check-core,org.owasp.dependencycheck.data.nvd.json,CvssV20.CiaType,17,74,2,2,5,12,3,4,2,3
Dependency-Check Maven Plugin/dependency-check-core,org.owasp.dependencycheck.data.nvd.json,CvssV20.CiaRequirementType,20,82,2,2,6,12,4,3,3,2
Dependency-Check Maven Plugin/dependency-check-core,org.owasp.dependencycheck.data.nvd.json,Reference,276,17,46,0,43,5,31,4,8,4
Dependency-Check Maven Plugin/dependency-check-core,org.owasp.dependencycheck.data.nvd.json,CvssV30.UserInteractionType,17,63,2,2,5,11,3,4,2,3
Dependency-Check Maven Plugin/dependency-check-core,org.owasp.dependencycheck.data.nvd.json,CvssV20.CollateralDamagePotentialType,20,104,2,2,6,14,4,3,3,2
Dependency-Check Maven Plugin/dependency-check-core,org.owasp.dependencycheck.data.nvd.json,CvssV30.Version,20,49,2,2,6,9,4,3,3,2
Dependency-Check Maven Plugin/dependency-check-core,org.owasp.dependencycheck.data.nvd.json,Problemtype,114,11,16,0,21,3,12,2,4,2
Dependency-Check Maven Plugin/dependency-check-core,org.owasp.dependencycheck.data.nvd.json,CvssV30.AttackVectorType,17,85,2,2,5,13,3,4,2,3
Dependency-Check Maven Plugin/dependency-check-core,org.owasp.dependencycheck.data.nvd.json,CvssV20.AccessVectorType,17,74,2,2,5,12,3,4,2,3
Dependency-Check Maven Plugin/dependency-check-core,org.owasp.dependencycheck.data.nvd.json,CvssV30,1711,33,306,0,244,11,206,11,53,11
Dependency-Check Maven Plugin/dependency-check-core,org.owasp.dependencycheck.data.nvd.json,CVEJSON40Min.DataFormat,20,49,2,2,6,9,4,3,3,2
Dependency-Check Maven Plugin/dependency-check-core,org.owasp.dependencycheck.data.nvd.json,Product,117,8,16,0,22,2,13,1,5,1
Dependency-Check Maven Plugin/dependency-check-core,org.owasp.dependencycheck.data.nvd.json,CvssV30.ScopeType,17,63,2,2,5,11,3,4,2,3
Dependency-Check Maven Plugin/dependency-check-core,org.owasp.dependencycheck.data.nvd.json,CvssV30.ModifiedPrivilegesRequiredType,20,82,2,2,6,12,4,3,3,2
Dependency-Check Maven Plugin/dependency-check-core,org.owasp.dependencycheck.data.nvd.json,CvssV20,1104,24,196,0,159,8,132,8,34,8
Dependency-Check Maven Plugin/dependency-check-core,org.owasp.dependencycheck.data.nvd.json,CVEJSON40Min.DataType,20,49,2,2,6,9,4,3,3,2
Dependency-Check Maven Plugin/dependency-check-core,org.owasp.dependencycheck.data.nvd.json,References,114,11,16,0,21,3,12,2,4,2
Dependency-Check Maven Plugin/dependency-check-core,org.owasp.dependencycheck.data.nvd.json,CvssV30.ModifiedAttackVectorType,20,93,2,2,6,13,4,3,3,2
Dependency-Check Maven Plugin/dependency-check-core,org.owasp.dependencycheck.data.nvd.json,CvssV20.AccessComplexityType,17,74,2,2,5,12,3,4,2,3
Dependency-Check Maven Plugin/dependency-check-core,org.owasp.dependencycheck.data.nvd.json,CvssV20.Version,20,49,2,2,6,9,4,3,3,2
Dependency-Check Maven Plugin/dependency-check-core,org.owasp.dependencycheck.data.nvd.json,VendorDatum,173,3,26,0,30,1,20,1,7,1
Dependency-Check Maven Plugin/dependency-check-core,org.owasp.dependencycheck.data.nvd.json,DefImpact,167,9,26,0,28,3,18,3,5,3
Dependency-Check Maven Plugin/dependency-check-core,org.owasp.dependencycheck.data.nvd.json,CvssV20.ReportConfidenceType,20,82,2,2,6,12,4,3,3,2
Dependency-Check Maven Plugin/dependency-check-core,org.owasp.dependencycheck.data.nvd.json,CvssV30.CiaType,17,74,2,2,5,12,3,4,2,3
Dependency-Check Maven Plugin/dependency-check-core,org.owasp.dependencycheck.data.nvd.json,CvssV20.TargetDistributionType,20,93,2,2,6,13,4,3,3,2
Dependency-Check Maven Plugin/dependency-check-core,org.owasp.dependencycheck.data.nvd.json,DefCpeName,176,0,26,0,31,0,21,0,8,0
Dependency-Check Maven Plugin/dependency-check-core,org.owasp.dependencycheck.xml.assembly,GrokErrorHandler,24,0,0,0,6,0,5,0,5,0
Dependency-Check Maven Plugin/dependency-check-core,org.owasp.dependencycheck.xml.assembly,GrokParseException,16,0,0,0,8,0,4,0,4,0
Dependency-Check Maven Plugin/dependency-check-core,org.owasp.dependencycheck.xml.assembly,GrokHandler,128,0,16,0,36,0,19,0,5,0
Dependency-Check Maven Plugin/dependency-check-core,org.owasp.dependencycheck.xml.assembly,GrokParser,120,0,2,0,28,0,5,0,4,0
Dependency-Check Maven Plugin/dependency-check-core,org.owasp.dependencycheck.xml.assembly,AssemblyData,115,0,0,0,47,0,31,0,31,0
Dependency-Check Maven Plugin/dependency-check-core,org.owasp.dependencycheck,Engine.Mode,0,108,0,0,0,12,0,4,0,4
Dependency-Check Maven Plugin/dependency-check-core,org.owasp.dependencycheck,Engine,371,985,41,89,94,250,52,78,18,47
Dependency-Check Maven Plugin/dependency-check-core,org.owasp.dependencycheck,AnalysisTask,52,57,0,4,9,16,0,6,0,4
Dependency-Check Maven Plugin/dependency-check-core,org.owasp.dependencycheck.analyzer,FalsePositiveAnalyzer,531,639,165,89,90,145,109,51,2,31
Dependency-Check Maven Plugin/dependency-check-core,org.owasp.dependencycheck.analyzer,RubyGemspecAnalyzer,425,24,46,0,89,6,31,3,8,3
Dependency-Check Maven Plugin/dependency-check-core,org.owasp.dependencycheck.analyzer,FileNameAnalyzer,0,149,1,9,0,20,1,10,0,6
Dependency-Check Maven Plugin/dependency-check-core,org.owasp.dependencycheck.analyzer,VersionFilterAnalyzer,84,228,39,41,9,41,26,24,0,10
Dependency-Check Maven Plugin/dependency-check-core,org.owasp.dependencycheck.analyzer,OpenSSLAnalyzer,46,199,8,6,7,37,7,10,0,10
Dependency-Check Maven Plugin/dependency-check-core,org.owasp.dependencycheck.analyzer,ComposerLockAnalyzer,216,19,0,0,42,4,7,3,7,3
Dependency-Check Maven Plugin/dependency-check-core,org.owasp.dependencycheck.analyzer,AbstractFileTypeAnalyzer,6,62,1,7,1,21,1,10,0,7
Dependency-Check Maven Plugin/dependency-check-core,org.owasp.dependencycheck.analyzer,SwiftPackageManagerAnalyzer,226,25,24,0,51,6,19,3,7,3
Dependency-Check Maven Plugin/dependency-check-core,org.owasp.dependencycheck.analyzer,CPEAnalyzer.IdentifierMatch,90,39,8,0,19,11,10,5,6,5
Dependency-Check Maven Plugin/dependency-check-core,org.owasp.dependencycheck.analyzer,AutoconfAnalyzer,226,66,34,0,52,10,25,3,8,3
Dependency-Check Maven Plugin/dependency-check-core,org.owasp.dependencycheck.analyzer,NvdCveAnalyzer,39,52,0,0,10,19,3,8,3,8
Dependency-Check Maven Plugin/dependency-check-core,org.owasp.dependencycheck.analyzer,PythonDistributionAnalyzer,463,91,56,0,114,14,40,3,12,3
Dependency-Check Maven Plugin/dependency-check-core,org.owasp.dependencycheck.analyzer,MSBuildProjectAnalyzer,38,241,2,8,9,45,2,11,0,8
Dependency-Check Maven Plugin/dependency-check-core,org.owasp.dependencycheck.analyzer,DependencyMergingAnalyzer,151,233,55,39,37,52,40,24,2,15
Dependency-Check Maven Plugin/dependency-check-core,org.owasp.dependencycheck.analyzer,RubyBundleAuditAnalyzer,791,128,85,5,187,33,52,8,7,8
Dependency-Check Maven Plugin/dependency-check-core,org.owasp.dependencycheck.analyzer,AbstractDependencyComparingAnalyzer,3,78,0,12,1,19,1,11,1,5
Dependency-Check Maven Plugin/dependency-check-core,org.owasp.dependencycheck.analyzer,RubyBundlerAnalyzer,138,3,30,0,29,1,18,1,3,1
Dependency-Check Maven Plugin/dependency-check-core,org.owasp.dependencycheck.analyzer,VulnerabilitySuppressionAnalyzer,0,12,0,0,0,5,0,5,0,5
Dependency-Check Maven Plugin/dependency-check-core,org.owasp.dependencycheck.analyzer,RubyBundlerAnalyzer.new FilenameFilter() {...},14,0,0,0,2,0,2,0,2,0
Dependency-Check Maven Plugin/dependency-check-core,org.owasp.dependencycheck.analyzer,AbstractAnalyzer,17,65,0,6,4,25,0,15,0,12
Dependency-Check Maven Plugin/dependency-check-core,org.owasp.dependencycheck.analyzer,NexusAnalyzer,227,56,29,1,62,18,18,9,3,9
Dependency-Check Maven Plugin/dependency-check-core,org.owasp.dependencycheck.analyzer,JarAnalyzer.ClassNameInformation,7,71,0,8,3,17,2,6,2,2
Dependency-Check Maven Plugin/dependency-check-core,org.owasp.dependencycheck.analyzer,AbstractNpmAnalyzer,765,15,81,1,141,5,50,3,9,3
Dependency-Check Maven Plugin/dependency-check-core,org.owasp.dependencycheck.analyzer,AssemblyAnalyzer,879,120,144,4,193,36,78,9,4,9
Dependency-Check Maven Plugin/dependency-check-core,org.owasp.dependencycheck.analyzer,AbstractSuppressionAnalyzer,239,165,14,14,54,45,16,10,4,8
Dependency-Check Maven Plugin/dependency-check-core,org.owasp.dependencycheck.analyzer,CentralAnalyzer,160,248,13,23,52,68,12,19,1,12
Dependency-Check Maven Plugin/dependency-check-core,org.owasp.dependencycheck.analyzer,NodeAuditAnalyzer,269,29,18,0,68,8,11,6,2,6
Dependency-Check Maven Plugin/dependency-check-core,org.owasp.dependencycheck.analyzer,AnalysisPhase,0,124,0,0,0,13,0,1,0,1
Dependency-Check Maven Plugin/dependency-check-core,org.owasp.dependencycheck.analyzer,RubyGemspecAnalyzer.new FilenameFilter() {...},10,0,0,0,2,0,2,0,2,0
Dependency-Check Maven Plugin/dependency-check-core,org.owasp.dependencycheck.analyzer,CMakeAnalyzer,226,34,10,0,59,7,11,3,6,3
Dependency-Check Maven Plugin/dependency-check-core,org.owasp.dependencycheck.analyzer,RetireJsAnalyzer,195,364,13,32,39,83,13,23,2,10
Dependency-Check Maven Plugin/dependency-check-core,org.owasp.dependencycheck.analyzer,CPEAnalyzer,518,1498,80,196,118,312,64,105,2,25
Dependency-Check Maven Plugin/dependency-check-core,org.owasp.dependencycheck.analyzer,ArchiveAnalyzer,461,782,63,83,97,170,57,42,5,21
Dependency-Check Maven Plugin/dependency-check-core,org.owasp.dependencycheck.analyzer,DependencyBundlingAnalyzer,451,508,153,95,105,106,113,33,7,15
Dependency-Check Maven Plugin/dependency-check-core,org.owasp.dependencycheck.analyzer,AnalyzerService,15,80,3,9,5,23,5,6,2,3
Dependency-Check Maven Plugin/dependency-check-core,org.owasp.dependencycheck.analyzer,CocoaPodsAnalyzer,429,34,36,0,103,7,27,3,9,3
Dependency-Check Maven Plugin/dependency-check-core,org.owasp.dependencycheck.analyzer,PythonPackageAnalyzer,304,63,24,0,65,15,21,4,9,4
Dependency-Check Maven Plugin/dependency-check-core,org.owasp.dependencycheck.analyzer,OssIndexAnalyzer,492,24,54,0,123,8,36,5,9,5
Dependency-Check Maven Plugin/dependency-check-core,org.owasp.dependencycheck.analyzer,CPEAnalyzer.IdentifierConfidence,0,34,0,0,0,4,0,1,0,1
Dependency-Check Maven Plugin/dependency-check-core,org.owasp.dependencycheck.analyzer,NugetconfAnalyzer,37,232,0,6,8,43,0,11,0,8
Dependency-Check Maven Plugin/dependency-check-core,org.owasp.dependencycheck.analyzer,JarAnalyzer,475,2487,129,313,92,487,118,134,1,30
Dependency-Check Maven Plugin/dependency-check-core,org.owasp.dependencycheck.analyzer,ArtifactoryAnalyzer,200,40,20,0,54,12,14,8,4,8
Dependency-Check Maven Plugin/dependency-check-core,org.owasp.dependencycheck.analyzer,CpeSuppressionAnalyzer,4,8,0,0,2,3,2,3,2,3
Dependency-Check Maven Plugin/dependency-check-core,org.owasp.dependencycheck.analyzer,NuspecAnalyzer,39,159,3,5,8,34,3,9,0,8
Dependency-Check Maven Plugin/dependency-check-core,org.owasp.dependencycheck.analyzer,HintAnalyzer,254,343,29,39,58,75,21,29,5,11
Dependency-Check Maven Plugin/dependency-check-core,org.owasp.dependencycheck.analyzer,NodePackageAnalyzer,490,31,52,0,107,9,30,6,4,6
Dependency-Check Maven Plugin/dependency-check-core,org.owasp.dependencycheck.analyzer.exception,LambdaExceptionWrapper,4,0,0,0,2,0,1,0,1,0
Dependency-Check Maven Plugin/dependency-check-core,org.owasp.dependencycheck.analyzer.exception,ArchiveExtractionException,12,4,0,0,6,2,3,1,3,1
Dependency-Check Maven Plugin/dependency-check-core,org.owasp.dependencycheck.analyzer.exception,UnexpectedAnalysisException,13,0,0,0,6,0,3,0,3,0
Dependency-Check Maven Plugin/dependency-check-core,org.owasp.dependencycheck.analyzer.exception,SearchException,16,0,0,0,8,0,4,0,4,0
Dependency-Check Maven Plugin/dependency-check-core,org.owasp.dependencycheck.analyzer.exception,AnalysisException,11,5,0,0,6,2,3,1,3,1
Dependency-Check Maven Plugin/dependency-check-core,org.owasp.dependencycheck.dependency.naming,PurlIdentifier,116,123,8,4,34,32,11,14,6,13
Dependency-Check Maven Plugin/dependency-check-core,org.owasp.dependencycheck.dependency.naming,CpeIdentifier,68,115,4,4,21,35,8,11,4,11
Dependency-Check Maven Plugin/dependency-check-core,org.owasp.dependencycheck.dependency.naming,GenericIdentifier,124,0,6,0,41,0,16,0,13,0
Dependency-Check Maven Plugin/dependency-check-core,org.owasp.dependencycheck.xml,XmlInputStream,97,256,15,33,14,53,13,23,2,10
Dependency-Check Maven Plugin/dependency-check-core,org.owasp.dependencycheck.xml,XmlEntity,4,1547,2,2,2,260,2,2,0,2
Dependency-Check Maven Plugin/dependency-check-core,org.owasp.dependencycheck.xml.hints,HintHandler.ParentType,0,34,0,0,0,4,0,1,0,1
Dependency-Check Maven Plugin/dependency-check-core,org.owasp.dependencycheck.xml.hints,HintParser,59,85,2,0,18,20,2,5,1,5
Dependency-Check Maven Plugin/dependency-check-core,org.owasp.dependencycheck.xml.hints,HintErrorHandler,17,7,0,0,4,2,3,2,3,2
Dependency-Check Maven Plugin/dependency-check-core,org.owasp.dependencycheck.xml.hints,HintRule,26,177,0,0,4,37,2,19,2,19
Dependency-Check Maven Plugin/dependency-check-core,org.owasp.dependencycheck.xml.hints,HintHandler,24,251,14,30,8,65,14,20,0,5
Dependency-Check Maven Plugin/dependency-check-core,org.owasp.dependencycheck.xml.hints,HintParseException,16,0,0,0,8,0,4,0,4,0
Dependency-Check Maven Plugin/dependency-check-core,org.owasp.dependencycheck.xml.hints,VendorDuplicatingHintRule,8,15,0,0,4,6,2,3,2,3
Dependency-Check Maven Plugin/dependency-check-core,org.owasp.dependencycheck.xml.hints,EvidenceMatcher,47,84,2,16,6,17,8,12,6,5
Dependency-Check Maven Plugin/dependency-check-core,org.owasp.dependencycheck.agent,DependencyCheckScanAgent,395,405,27,13,131,99,81,18,62,17
Dependency-Check Maven Plugin/dependency-check-core,org.owasp.dependencycheck.data.artifactory,ArtifactorySearch,463,0,28,0,88,0,22,0,8,0
Dependency-Check Maven Plugin/dependency-check-core,org.owasp.dependencycheck.data.nuget,NugetPackage,114,31,24,0,17,13,14,9,2,9
Dependency-Check Maven Plugin/dependency-check-core,org.owasp.dependencycheck.data.nuget,XPathNuspecParser,12,97,4,6,3,19,4,4,0,3
Dependency-Check Maven Plugin/dependency-check-core,org.owasp.dependencycheck.data.nuget,XPathMSBuildProjectParser,12,70,3,5,3,18,3,3,0,2
Dependency-Check Maven Plugin/dependency-check-core,org.owasp.dependencycheck.data.nuget,NugetconfParseException,12,0,0,0,6,0,3,0,3,0
Dependency-Check Maven Plugin/dependency-check-core,org.owasp.dependencycheck.data.nuget,MSBuildProjectParseException,12,0,0,0,6,0,3,0,3,0
Dependency-Check Maven Plugin/dependency-check-core,org.owasp.dependencycheck.data.nuget,XPathNugetconfParser,12,70,3,5,3,18,3,3,0,2
Dependency-Check Maven Plugin/dependency-check-core,org.owasp.dependencycheck.data.nuget,NugetPackageReference,63,17,14,0,11,7,9,5,2,5
Dependency-Check Maven Plugin/dependency-check-core,org.owasp.dependencycheck.data.nuget,NuspecParseException,12,0,0,0,6,0,3,0,3,0
Dependency-Check Maven Plugin/dependency-check-core,org.owasp.dependencycheck.data.update.cpe,CpePlus,8,15,0,0,4,6,2,3,2,3
Dependency-Check Maven Plugin/dependency-check-core,org.owasp.dependencycheck.utils,Filter.FilterIterator,8,52,2,8,2,17,3,7,1,4
Dependency-Check Maven Plugin/dependency-check-core,org.owasp.dependencycheck.utils,ExtractionUtil,761,61,72,6,160,16,46,3,8,2
Dependency-Check Maven Plugin/dependency-check-core,org.owasp.dependencycheck.utils,UrlStringUtils,11,178,3,15,1,27,2,11,0,4
Dependency-Check Maven Plugin/dependency-check-core,org.owasp.dependencycheck.utils,H2DBShutdownHookFactory,9,21,0,0,3,4,0,2,0,2
Dependency-Check Maven Plugin/dependency-check-core,org.owasp.dependencycheck.utils,DependencyVersion,32,324,11,55,8,81,12,32,2,9
Dependency-Check Maven Plugin/dependency-check-core,org.owasp.dependencycheck.utils,Filter,0,16,0,0,0,3,0,3,0,3
Dependency-Check Maven Plugin/dependency-check-core,org.owasp.dependencycheck.utils,H2DBLock,193,279,35,23,43,66,31,8,2,8
Dependency-Check Maven Plugin/dependency-check-core,org.owasp.dependencycheck.utils,Pair,65,49,18,2,14,12,14,4,4,4
Dependency-Check Maven Plugin/dependency-check-core,org.owasp.dependencycheck.utils,DependencyVersionUtil,16,103,6,20,3,31,5,12,0,4
Dependency-Check Maven Plugin/dependency-check-core,org.owasp.dependencycheck.utils,Filter.new Iterable() {...},0,16,0,0,0,2,0,2,0,2
Dependency-Check Maven Plugin/dependency-check-core,org.owasp.dependencycheck.utils,FileFilterBuilder,9,132,3,13,1,24,2,13,0,7
Dependency-Check Maven Plugin/dependency-check-core,org.owasp.dependencycheck.utils,H2DBShutdownHook,0,3,0,0,0,1,0,1,0,1
Dependency-Check Maven Plugin/dependency-check-core,org.owasp.dependencycheck.utils,DateUtil,23,21,0,2,5,2,1,2,1,1
Dependency-Check Maven Plugin/dependency-check-core,org.owasp.dependencycheck.utils,H2DBCleanupHook,15,20,2,0,6,8,2,4,1,4
Dependency-Check Maven Plugin/dependency-check-core,org.owasp.dependencycheck.utils,DBUtils,23,38,3,7,7,15,3,6,0,4
Dependency-Check Maven Plugin/dependency-check-core,org.owasp.dependencycheck.data.update.nvd,DownloadTask,60,121,6,4,17,26,6,7,1,7
Dependency-Check Maven Plugin/dependency-check-core,org.owasp.dependencycheck.data.update.nvd,NvdCveParser,43,120,1,7,7,26,1,8,0,5
Dependency-Check Maven Plugin/dependency-check-core,org.owasp.dependencycheck.data.update.nvd,NvdCveInfo,0,34,0,0,0,14,0,9,0,9
Dependency-Check Maven Plugin/dependency-check-core,org.owasp.dependencycheck.data.update.nvd,ProcessTask,14,84,0,0,6,24,1,6,1,6
Dependency-Check Maven Plugin/dependency-check-core,org.owasp.dependencycheck.data.update.nvd,UpdateableNvdCve,32,76,1,3,8,19,6,8,5,7
Dependency-Check Maven Plugin/dependency-check-core,org.owasp.dependencycheck.data.cpe,IndexEntry,107,58,17,7,19,18,15,10,4,9
Dependency-Check Maven Plugin/dependency-check-core,org.owasp.dependencycheck.data.cpe,IndexException,16,0,0,0,8,0,4,0,4,0
Dependency-Check Maven Plugin/dependency-check-core,org.owasp.dependencycheck.data.cpe,CpeMemoryIndex,79,283,13,11,21,72,15,12,4,11
Dependency-Check Maven Plugin/dependency-check-core,org.owasp.dependencycheck.xml.suppression,SuppressionParser,47,87,2,0,14,17,1,4,0,4
Dependency-Check Maven Plugin/dependency-check-core,org.owasp.dependencycheck.xml.suppression,SuppressionParseException,16,0,0,0,8,0,4,0,4,0
Dependency-Check Maven Plugin/dependency-check-core,org.owasp.dependencycheck.xml.suppression,SuppressionRule,443,343,65,61,97,91,60,43,22,18
Dependency-Check Maven Plugin/dependency-check-core,org.owasp.dependencycheck.xml.suppression,SuppressionErrorHandler,17,7,0,0,4,2,3,2,3,2
Dependency-Check Maven Plugin/dependency-check-core,org.owasp.dependencycheck.xml.suppression,SuppressionHandler,54,166,12,18,11,45,11,15,0,7
Dependency-Check Maven Plugin/dependency-check-core,org.owasp.dependencycheck.xml.suppression,PropertyType,114,58,22,6,18,20,15,10,3,8
Dependency-Check Maven Plugin/dependency-check-core,org.owasp.dependencycheck.data.nexus,NexusSearch,304,0,27,0,75,0,19,0,5,0
Dependency-Check Maven Plugin/dependency-check-core,org.owasp.dependencycheck.data.nexus,MavenArtifact,110,93,1,3,32,14,12,7,11,6
Dependency-Check Maven Plugin/dependency-check-utils,org.owasp.dependencycheck.utils.search,FileContentSearch,72,0,6,0,10,0,6,0,3,0
Dependency-Check Maven Plugin/dependency-check-utils,org.owasp.dependencycheck.utils,FileUtils,83,80,12,10,18,23,11,8,1,7
Dependency-Check Maven Plugin/dependency-check-utils,org.owasp.dependencycheck.utils,HttpResourceConnection,549,108,45,11,113,30,34,6,7,5
Dependency-Check Maven Plugin/dependency-check-utils,org.owasp.dependencycheck.utils,Settings,517,305,61,29,109,79,58,26,18,21
Dependency-Check Maven Plugin/dependency-check-utils,org.owasp.dependencycheck.utils,ExpectedObjectInputStream,32,0,2,0,7,0,3,0,2,0
Dependency-Check Maven Plugin/dependency-check-utils,org.owasp.dependencycheck.utils,SSLSocketFactoryEx,175,117,6,6,40,31,15,7,11,5
Dependency-Check Maven Plugin/dependency-check-utils,org.owasp.dependencycheck.utils,InvalidSettingException,16,0,0,0,8,0,4,0,4,0
Dependency-Check Maven Plugin/dependency-check-utils,org.owasp.dependencycheck.utils,URLConnectionFactory.new Authenticator() {...},58,0,6,0,10,0,5,0,2,0
Dependency-Check Maven Plugin/dependency-check-utils,org.owasp.dependencycheck.utils,URLConnectionFailureException,16,0,0,0,8,0,4,0,4,0
Dependency-Check Maven Plugin/dependency-check-utils,org.owasp.dependencycheck.utils,URLConnectionFactory,184,90,40,4,40,29,22,6,1,5
Dependency-Check Maven Plugin/dependency-check-utils,org.owasp.dependencycheck.utils,Downloader,39,71,0,0,6,17,0,5,0,5
Dependency-Check Maven Plugin/dependency-check-utils,org.owasp.dependencycheck.utils,ExtractionException,16,0,0,0,8,0,4,0,4,0
Dependency-Check Maven Plugin/dependency-check-utils,org.owasp.dependencycheck.utils,DownloadFailedException,16,0,0,0,8,0,4,0,4,0
Dependency-Check Maven Plugin/dependency-check-utils,org.owasp.dependencycheck.utils,XmlUtils,72,79,9,2,12,25,6,5,1,4
Dependency-Check Maven Plugin/dependency-check-utils,org.owasp.dependencycheck.utils,Checksum,27,168,2,6,7,39,2,14,0,12
